Day,Impressions,Clicks,CTR (Click Through Rate),CPC (cost per click),Spend,Conversions,Conversion rate
01-Jan-2019,172375,2559,1.48%,€0.35,€890.18,114,4.5%
02-Jan-2019,190658,2505,1.31%,€0.36,€890.08,102,4.1%
03-Jan-2019,208326,2701,1.30%,€0.33,€884.63,97,3.6%
04-Jan-2019,200436,2701,1.35%,€0.31,€848.98,97,3.6%
05-Jan-2019,218614,2848,1.30%,€0.31,€886.30,93,3.3%
06-Jan-2019,229607,3184,1.39%,€0.29,€914.74,98,3.1%
07-Jan-2019,210153,2910,1.38%,€0.32,€918.18,116,4.0%
08-Jan-2019,246646,3274,1.33%,€0.35,"€1,142.21",113,3.4%
09-Jan-2019,283257,3437,1.21%,€0.36,"€1,235.69",104,3.0%
10-Jan-2019,354746,4182,1.18%,€0.36,"€1,508.00",131,3.1%
11-Jan-2019,336688,4029,1.20%,€0.34,"€1,352.05",91,2.3%
12-Jan-2019,363367,4316,1.19%,€0.31,"€1,357.15",125,2.9%
13-Jan-2019,329767,3923,1.19%,€0.32,"€1,241.55",152,3.9%
14-Jan-2019,305240,3572,1.17%,€0.34,"€1,200.90",129,3.6%
15-Jan-2019,296796,3592,1.21%,€0.33,"€1,190.85",107,3.0%
16-Jan-2019,321651,3888,1.21%,€0.35,"€1,358.65",148,3.8%
17-Jan-2019,280308,3338,1.19%,€0.33,"€1,105.34",93,2.8%
18-Jan-2019,265485,3145,1.18%,€0.32,"€1,016.65",86,2.7%
19-Jan-2019,259322,3614,1.39%,€0.29,"€1,048.56",111,3.1%
20-Jan-2019,263515,3516,1.33%,€0.30,"€1,067.89",100,2.8%
21-Jan-2019,262292,3562,1.36%,€0.33,"€1,187.53",104,2.9%
22-Jan-2019,217855,2932,1.35%,€0.31,€898.99,88,3.0%
23-Jan-2019,210280,2856,1.36%,€0.29,€833.52,106,3.7%
24-Jan-2019,184699,2604,1.41%,€0.27,€695.65,59,2.3%
25-Jan-2019,161530,2364,1.46%,€0.24,€571.52,59,2.5%
26-Jan-2019,194341,2880,1.48%,€0.23,€671.22,104,3.6%
27-Jan-2019,200093,2913,1.46%,€0.23,€661.87,102,3.5%
28-Jan-2019,164094,2483,1.51%,€0.25,€610.24,70,2.8%
29-Jan-2019,174107,2528,1.45%,€0.26,€667.11,98,3.9%
30-Jan-2019,174136,2631,1.51%,€0.26,€694.24,89,3.4%
31-Jan-2019,169087,2312,1.37%,€0.27,€618.06,82,3.6%
01-Feb-2019,141007,2102,1.49%,€0.25,€531.58,50,2.4%
02-Feb-2019,178038,2748,1.54%,€0.26,€718.10,95,3.4%
03-Feb-2019,193584,2953,1.53%,€0.24,€703.74,73,2.5%
04-Feb-2019,178938,2636,1.47%,€0.27,€709.00,98,3.7%
05-Feb-2019,169547,2451,1.45%,€0.27,€656.32,109,4.5%
06-Feb-2019,167897,2496,1.49%,€0.30,€741.85,82,3.3%
07-Feb-2019,161842,2367,1.46%,€0.29,€695.56,77,3.2%
08-Feb-2019,161129,2550,1.58%,€0.26,€668.66,86,3.4%
09-Feb-2019,163148,2592,1.59%,€0.25,€647.03,91,3.5%
10-Feb-2019,176792,2675,1.51%,€0.25,€657.28,89,3.3%
11-Feb-2019,153584,2204,1.44%,€0.27,€593.17,81,3.7%
12-Feb-2019,165009,2280,1.38%,€0.26,€602.88,93,4.1%
13-Feb-2019,177416,2475,1.39%,€0.29,€709.56,106,4.3%
14-Feb-2019,132131,1952,1.48%,€0.25,€496.92,75,3.8%
15-Feb-2019,168265,2399,1.43%,€0.25,€596.77,73,3.1%
16-Feb-2019,213323,3110,1.46%,€0.25,€773.54,114,3.7%
17-Feb-2019,224897,3392,1.51%,€0.24,€817.29,120,3.5%
18-Feb-2019,230644,3298,1.43%,€0.26,€853.39,123,3.7%
19-Feb-2019,221560,3197,1.44%,€0.26,€815.82,161,5.0%
20-Feb-2019,188965,2895,1.53%,€0.24,€708.72,122,4.2%
21-Feb-2019,179908,2658,1.48%,€0.26,€685.22,106,4.0%
22-Feb-2019,170175,2527,1.48%,€0.25,€621.20,125,5.0%
23-Feb-2019,196954,3029,1.54%,€0.22,€673.89,111,3.7%
24-Feb-2019,213902,3318,1.55%,€0.22,€727.99,125,3.8%
25-Feb-2019,191001,2937,1.54%,€0.24,€708.04,111,3.8%
26-Feb-2019,252797,3614,1.43%,€0.28,"€1,010.14",114,3.2%
27-Feb-2019,276371,3762,1.36%,€0.30,"€1,124.37",131,3.5%
28-Feb-2019,284118,3968,1.40%,€0.33,"€1,311.47",145,3.7%
01-Mar-2019,272975,3772,1.38%,€0.31,"€1,162.40",129,3.4%
02-Mar-2019,327403,4423,1.35%,€0.30,"€1,339.02",150,3.4%
03-Mar-2019,366266,5163,1.41%,€0.31,"€1,612.71",159,3.1%
04-Mar-2019,327676,4449,1.36%,€0.32,"€1,407.76",170,3.8%
05-Mar-2019,356209,4919,1.38%,€0.33,"€1,635.77",168,3.4%
06-Mar-2019,411787,5616,1.36%,€0.33,"€1,859.04",163,2.9%
07-Mar-2019,332583,4544,1.37%,€0.32,"€1,472.67",114,2.5%
08-Mar-2019,285714,3938,1.38%,€0.31,"€1,212.15",122,3.1%
09-Mar-2019,325949,4615,1.42%,€0.29,"€1,361.33",123,2.7%
10-Mar-2019,271076,3886,1.43%,€0.26,€991.64,111,2.9%
11-Mar-2019,130750,2075,1.59%,€0.20,€405.82,93,4.5%
12-Mar-2019,135428,2495,1.84%,€0.19,€485.03,82,3.3%
13-Mar-2019,209833,3163,1.51%,€0.27,€848.24,100,3.2%
14-Mar-2019,242734,3310,1.36%,€0.30,€985.28,82,2.5%
15-Mar-2019,285267,3632,1.27%,€0.31,"€1,120.03",125,3.4%
16-Mar-2019,344102,4637,1.35%,€0.29,"€1,365.67",131,2.8%
17-Mar-2019,360817,4798,1.33%,€0.31,"€1,468.83",114,2.4%
18-Mar-2019,273727,3447,1.26%,€0.29,€983.18,89,2.6%
19-Mar-2019,294359,3812,1.29%,€0.28,"€1,085.13",106,2.8%
20-Mar-2019,311950,4175,1.34%,€0.30,"€1,248.78",140,3.3%
21-Mar-2019,274970,3726,1.36%,€0.29,"€1,097.63",109,2.9%
22-Mar-2019,266681,3634,1.36%,€0.29,"€1,052.71",113,3.1%
23-Mar-2019,289713,3965,1.37%,€0.29,"€1,151.64",113,2.8%
24-Mar-2019,315282,4509,1.43%,€0.28,"€1,282.25",131,2.9%
25-Mar-2019,310591,4116,1.33%,€0.29,"€1,212.43",125,3.0%
26-Mar-2019,322867,4185,1.30%,€0.31,"€1,281.72",123,2.9%
27-Mar-2019,304107,4059,1.33%,€0.31,"€1,264.63",118,2.9%
28-Mar-2019,274601,3457,1.26%,€0.30,"€1,047.37",111,3.2%
29-Mar-2019,225376,2925,1.30%,€0.29,€845.38,107,3.7%
30-Mar-2019,247131,4025,1.63%,€0.27,"€1,096.07",154,3.8%
31-Mar-2019,261582,4092,1.56%,€0.28,"€1,161.36",148,3.6%
01-Apr-2019,281254,4047,1.44%,€0.32,"€1,277.25",168,4.2%
02-Apr-2019,314092,4314,1.37%,€0.32,"€1,365.72",141,3.3%
03-Apr-2019,339103,4469,1.32%,€0.32,"€1,424.74",147,3.3%
04-Apr-2019,302760,3839,1.27%,€0.31,"€1,200.43",131,3.4%
05-Apr-2019,243355,3333,1.37%,€0.31,"€1,017.01",122,3.6%
06-Apr-2019,273998,3738,1.36%,€0.30,"€1,137.23",104,2.8%
07-Apr-2019,323213,4380,1.36%,€0.30,"€1,325.40",131,3.0%
08-Apr-2019,289537,3899,1.35%,€0.32,"€1,231.57",147,3.8%
09-Apr-2019,323373,4255,1.32%,€0.32,"€1,352.94",163,3.8%
10-Apr-2019,288216,3814,1.32%,€0.31,"€1,179.27",148,3.9%
11-Apr-2019,254809,3372,1.32%,€0.30,"€1,013.66",122,3.6%
12-Apr-2019,256807,3426,1.33%,€0.29,€992.44,125,3.7%
13-Apr-2019,294183,4180,1.42%,€0.28,"€1,189.59",100,2.4%
14-Apr-2019,338600,4675,1.38%,€0.29,"€1,344.93",148,3.2%
15-Apr-2019,293429,3787,1.29%,€0.31,"€1,164.47",123,3.3%
16-Apr-2019,226762,3363,1.48%,€0.27,€905.16,148,4.4%
17-Apr-2019,225723,3469,1.54%,€0.29,€988.73,123,3.6%
18-Apr-2019,199149,2898,1.46%,€0.28,€806.12,127,4.4%
19-Apr-2019,197109,3239,1.64%,€0.27,€880.77,134,4.1%
20-Apr-2019,198272,3152,1.59%,€0.28,€889.55,109,3.5%
21-Apr-2019,244234,3804,1.56%,€0.30,"€1,125.70",100,2.6%
22-Apr-2019,296230,3911,1.32%,€0.31,"€1,220.58",118,3.0%
23-Apr-2019,261172,3578,1.37%,€0.29,"€1,041.63",141,3.9%
24-Apr-2019,251897,3439,1.37%,€0.30,"€1,015.46",136,4.0%
25-Apr-2019,247282,3486,1.41%,€0.27,€942.61,116,3.3%
26-Apr-2019,266098,3851,1.45%,€0.28,"€1,071.97",148,3.9%
27-Apr-2019,319713,4460,1.40%,€0.27,"€1,193.69",159,3.6%
28-Apr-2019,335966,4724,1.41%,€0.28,"€1,306.39",166,3.5%
29-Apr-2019,296927,3780,1.27%,€0.30,"€1,127.91",116,3.1%
30-Apr-2019,327222,4402,1.35%,€0.29,"€1,278.36",163,3.7%
01-May-2019,313935,4171,1.33%,€0.29,"€1,225.18",177,4.2%
02-May-2019,267674,3718,1.39%,€0.28,"€1,031.93",120,3.2%
03-May-2019,260703,3486,1.34%,€0.28,€976.88,140,4.0%
04-May-2019,295796,4096,1.38%,€0.28,"€1,148.88",147,3.6%
05-May-2019,318788,4395,1.38%,€0.28,"€1,243.14",141,3.2%
06-May-2019,335790,4392,1.31%,€0.28,"€1,242.64",152,3.5%
07-May-2019,291897,3924,1.34%,€0.29,"€1,128.43",138,3.5%
08-May-2019,324466,4245,1.31%,€0.29,"€1,241.19",138,3.2%
09-May-2019,294386,4392,1.49%,€0.28,"€1,209.53",177,4.0%
10-May-2019,270689,4161,1.54%,€0.27,"€1,119.37",229,5.5%
11-May-2019,325348,4669,1.43%,€0.27,"€1,261.98",204,4.4%
12-May-2019,362343,4973,1.37%,€0.28,"€1,379.72",191,3.8%
13-May-2019,342910,4585,1.34%,€0.31,"€1,441.17",179,3.9%
14-May-2019,404862,5342,1.32%,€0.34,"€1,798.92",197,3.7%
15-May-2019,438994,5648,1.29%,€0.34,"€1,922.60",220,3.9%
16-May-2019,408349,5416,1.33%,€0.32,"€1,731.27",199,3.7%
17-May-2019,373428,5193,1.39%,€0.31,"€1,593.28",148,2.9%
18-May-2019,349144,4805,1.38%,€0.28,"€1,339.64",145,3.0%
19-May-2019,360099,5006,1.39%,€0.29,"€1,441.09",179,3.6%
20-May-2019,363258,4607,1.27%,€0.33,"€1,498.25",138,3.0%
21-May-2019,399453,5400,1.35%,€0.32,"€1,728.23",250,4.6%
22-May-2019,418341,5381,1.29%,€0.33,"€1,783.28",182,3.4%
23-May-2019,388897,5129,1.32%,€0.33,"€1,677.38",157,3.1%
24-May-2019,366521,4482,1.22%,€0.31,"€1,411.78",166,3.7%
25-May-2019,378952,4743,1.25%,€0.32,"€1,513.57",148,3.1%
26-May-2019,437873,5757,1.31%,€0.32,"€1,816.05",147,2.5%
27-May-2019,450863,5937,1.32%,€0.32,"€1,904.86",190,3.2%
28-May-2019,315943,4452,1.41%,€0.31,"€1,386.14",168,3.8%
29-May-2019,329156,4551,1.38%,€0.31,"€1,398.32",154,3.4%
30-May-2019,316360,4262,1.35%,€0.30,"€1,297.23",141,3.3%
31-May-2019,298503,4215,1.41%,€0.29,"€1,214.12",152,3.6%
01-Jun-2019,295379,4212,1.43%,€0.27,"€1,147.15",150,3.6%
02-Jun-2019,337846,5069,1.50%,€0.27,"€1,362.77",145,2.9%
03-Jun-2019,361633,4934,1.36%,€0.31,"€1,525.81",215,4.4%
04-Jun-2019,333062,4832,1.45%,€0.29,"€1,386.85",170,3.5%
05-Jun-2019,363871,4835,1.33%,€0.29,"€1,419.41",181,3.7%
06-Jun-2019,351012,4828,1.38%,€0.30,"€1,462.47",179,3.7%
07-Jun-2019,354901,4998,1.41%,€0.29,"€1,468.43",161,3.2%
08-Jun-2019,370245,5216,1.41%,€0.28,"€1,451.67",165,3.2%
09-Jun-2019,389770,5205,1.34%,€0.28,"€1,456.16",165,3.2%
10-Jun-2019,379943,5134,1.35%,€0.30,"€1,564.23",229,4.5%
11-Jun-2019,405301,5430,1.34%,€0.32,"€1,751.63",215,4.0%
12-Jun-2019,381633,5149,1.35%,€0.30,"€1,561.78",195,3.8%
13-Jun-2019,353332,4768,1.35%,€0.31,"€1,471.80",215,4.5%
14-Jun-2019,304588,4024,1.32%,€0.29,"€1,168.67",147,3.6%
15-Jun-2019,321249,4410,1.37%,€0.28,"€1,240.57",138,3.1%
16-Jun-2019,357306,4776,1.34%,€0.29,"€1,399.12",166,3.5%
17-Jun-2019,374259,4561,1.22%,€0.33,"€1,488.31",163,3.6%
18-Jun-2019,370078,4675,1.26%,€0.32,"€1,480.82",165,3.5%
19-Jun-2019,354107,4554,1.29%,€0.31,"€1,417.42",156,3.4%
20-Jun-2019,331150,4128,1.25%,€0.31,"€1,286.90",148,3.6%
21-Jun-2019,286236,3733,1.30%,€0.30,"€1,125.37",150,4.0%
22-Jun-2019,283312,3691,1.30%,€0.28,"€1,030.49",141,3.8%
23-Jun-2019,356126,4450,1.25%,€0.27,"€1,213.53",147,3.3%
24-Jun-2019,386146,5065,1.31%,€0.32,"€1,613.08",179,3.5%
25-Jun-2019,404515,5237,1.29%,€0.31,"€1,630.97",218,4.2%
26-Jun-2019,369375,5023,1.36%,€0.30,"€1,528.24",197,3.9%
27-Jun-2019,351219,4607,1.31%,€0.30,"€1,392.09",209,4.5%
28-Jun-2019,343859,5408,1.57%,€0.31,"€1,650.41",281,5.2%
29-Jun-2019,358710,5337,1.49%,€0.29,"€1,568.79",234,4.4%
30-Jun-2019,493429,7036,1.43%,€0.30,"€2,132.35",313,4.4%
01-Jul-2019,503800,6431,1.28%,€0.34,"€2,160.07",313,4.9%
02-Jul-2019,407569,5636,1.38%,€0.33,"€1,848.79",252,4.5%
03-Jul-2019,367913,4931,1.34%,€0.32,"€1,596.10",199,4.0%
04-Jul-2019,335482,4277,1.27%,€0.34,"€1,449.41",200,4.7%
05-Jul-2019,301109,4101,1.36%,€0.33,"€1,340.90",186,4.5%
06-Jul-2019,286558,4027,1.41%,€0.30,"€1,214.94",166,4.1%
07-Jul-2019,295644,4267,1.44%,€0.30,"€1,298.75",156,3.6%
08-Jul-2019,333969,4457,1.33%,€0.34,"€1,532.45",199,4.5%
09-Jul-2019,307776,4388,1.43%,€0.34,"€1,490.85",204,4.6%
10-Jul-2019,316576,4267,1.35%,€0.30,"€1,278.39",174,4.1%
11-Jul-2019,265465,3956,1.49%,€0.29,"€1,165.08",174,4.4%
12-Jul-2019,299006,4264,1.43%,€0.29,"€1,250.67",220,5.2%
13-Jul-2019,299263,4665,1.56%,€0.28,"€1,304.33",208,4.4%
14-Jul-2019,315797,5159,1.63%,€0.26,"€1,353.36",224,4.3%
15-Jul-2019,317101,4486,1.41%,€0.30,"€1,352.27",191,4.3%
16-Jul-2019,309368,4519,1.46%,€0.28,"€1,255.98",161,3.6%
17-Jul-2019,319661,4622,1.45%,€0.30,"€1,402.90",188,4.1%
18-Jul-2019,312852,4576,1.46%,€0.28,"€1,280.91",170,3.7%
19-Jul-2019,248744,3881,1.56%,€0.26,€997.21,168,4.3%
20-Jul-2019,259101,3886,1.50%,€0.25,€982.04,156,4.0%
21-Jul-2019,262923,4198,1.60%,€0.24,"€1,009.82",161,3.8%
22-Jul-2019,308325,4287,1.39%,€0.30,"€1,271.87",195,4.5%
23-Jul-2019,348855,4812,1.38%,€0.34,"€1,626.66",177,3.7%
24-Jul-2019,372865,4823,1.29%,€0.35,"€1,682.03",179,3.7%
25-Jul-2019,364596,4751,1.30%,€0.31,"€1,486.53",218,4.6%
26-Jul-2019,372655,5097,1.37%,€0.29,"€1,499.95",236,4.6%
27-Jul-2019,373408,5588,1.50%,€0.28,"€1,582.71",209,3.7%
28-Jul-2019,404821,5863,1.45%,€0.27,"€1,607.21",174,3.0%
29-Jul-2019,399827,5206,1.30%,€0.31,"€1,602.39",177,3.4%
30-Jul-2019,366341,5247,1.43%,€0.27,"€1,409.79",204,3.9%
31-Jul-2019,352134,5085,1.44%,€0.27,"€1,368.36",193,3.8%
01-Aug-2019,335608,4909,1.46%,€0.28,"€1,371.22",151,3.1%
02-Aug-2019,345749,5001,1.45%,€0.27,"€1,364.69",132,2.6%
03-Aug-2019,347248,5047,1.45%,€0.27,"€1,358.64",121,2.4%
04-Aug-2019,367477,5742,1.56%,€0.26,"€1,471.65",160,2.8%
05-Aug-2019,408609,5507,1.35%,€0.29,"€1,597.75",153,2.8%
06-Aug-2019,420516,5804,1.38%,€0.29,"€1,670.75",157,2.7%
07-Aug-2019,375691,5450,1.45%,€0.27,"€1,494.46",144,2.6%
08-Aug-2019,336615,4791,1.42%,€0.26,"€1,247.68",140,2.9%
09-Aug-2019,327159,4771,1.46%,€0.26,"€1,244.97",153,3.2%
10-Aug-2019,354688,5169,1.46%,€0.27,"€1,384.97",131,2.5%
11-Aug-2019,368344,5512,1.50%,€0.24,"€1,338.36",146,2.6%
12-Aug-2019,347942,5206,1.50%,€0.28,"€1,448.23",146,2.8%
13-Aug-2019,375939,5228,1.39%,€0.28,"€1,480.54",132,2.5%
14-Aug-2019,397407,5811,1.46%,€0.28,"€1,645.58",149,2.6%
15-Aug-2019,346524,4894,1.41%,€0.28,"€1,372.40",143,2.9%
16-Aug-2019,367044,5158,1.41%,€0.27,"€1,379.24",116,2.3%
17-Aug-2019,364540,5084,1.39%,€0.25,"€1,259.14",131,2.6%
18-Aug-2019,385161,5699,1.48%,€0.24,"€1,392.60",146,2.6%
19-Aug-2019,418873,5601,1.34%,€0.28,"€1,587.28",160,2.9%
20-Aug-2019,389422,5326,1.37%,€0.28,"€1,492.98",127,2.4%
21-Aug-2019,389636,5378,1.38%,€0.28,"€1,501.53",141,2.6%
22-Aug-2019,408286,5376,1.32%,€0.28,"€1,528.42",137,2.5%
23-Aug-2019,282903,3995,1.41%,€0.25,"€1,001.21",132,3.3%
24-Aug-2019,254474,3805,1.50%,€0.24,€925.95,108,2.8%
25-Aug-2019,262994,3835,1.46%,€0.25,€940.53,93,2.4%
26-Aug-2019,414207,4954,1.20%,€0.29,"€1,422.03",134,2.7%
27-Aug-2019,509513,5457,1.07%,€0.30,"€1,639.16",178,3.3%
28-Aug-2019,515292,5489,1.07%,€0.31,"€1,675.11",160,2.9%
29-Aug-2019,548451,6581,1.20%,€0.30,"€1,981.73",162,2.5%
30-Aug-2019,482811,5643,1.17%,€0.30,"€1,700.61",131,2.3%
31-Aug-2019,503570,5942,1.18%,€0.29,"€1,724.06",157,2.6%
01-Sep-2019,501234,5935,1.18%,€0.28,"€1,686.42",168,2.8%
02-Sep-2019,337345,4531,1.34%,€0.30,"€1,362.95",174,3.8%
03-Sep-2019,296756,4402,1.48%,€0.28,"€1,236.49",174,3.9%
04-Sep-2019,283638,4188,1.48%,€0.27,"€1,134.28",159,3.8%
05-Sep-2019,273649,3721,1.36%,€0.28,"€1,043.54",163,4.4%
06-Sep-2019,318322,4398,1.38%,€0.28,"€1,216.17",174,3.9%
07-Sep-2019,286998,4084,1.42%,€0.26,"€1,071.34",129,3.2%
08-Sep-2019,292496,4437,1.52%,€0.26,"€1,160.23",190,4.3%
09-Sep-2019,336153,4647,1.38%,€0.29,"€1,352.92",234,5.0%
10-Sep-2019,478287,5658,1.18%,€0.29,"€1,665.03",177,3.1%
11-Sep-2019,462979,5579,1.21%,€0.30,"€1,677.44",140,2.5%
12-Sep-2019,340915,4556,1.34%,€0.30,"€1,361.16",120,2.6%
13-Sep-2019,304221,3909,1.29%,€0.29,"€1,120.12",109,2.8%
14-Sep-2019,319483,4319,1.35%,€0.27,"€1,160.70",145,3.4%
15-Sep-2019,329581,4872,1.48%,€0.27,"€1,293.81",134,2.8%
16-Sep-2019,369997,4764,1.29%,€0.31,"€1,458.48",170,3.6%
17-Sep-2019,327013,4434,1.36%,€0.29,"€1,279.89",156,3.5%
18-Sep-2019,297203,3872,1.30%,€0.27,"€1,059.73",163,4.2%
19-Sep-2019,269779,3825,1.42%,€0.28,"€1,076.19",122,3.2%
20-Sep-2019,256888,3404,1.32%,€0.26,€900.39,91,2.7%
21-Sep-2019,257852,3629,1.41%,€0.26,€961.17,95,2.6%
22-Sep-2019,326284,5215,1.60%,€0.26,"€1,360.35",193,3.7%
23-Sep-2019,308271,4208,1.37%,€0.29,"€1,231.95",131,3.1%
24-Sep-2019,370115,5211,1.41%,€0.28,"€1,466.24",199,3.8%
25-Sep-2019,361167,5079,1.41%,€0.28,"€1,430.61",179,3.5%
26-Sep-2019,312916,4838,1.55%,€0.30,"€1,432.38",170,3.5%
27-Sep-2019,316103,5378,1.70%,€0.29,"€1,555.93",181,3.4%
28-Sep-2019,374420,6295,1.68%,€0.27,"€1,681.30",197,3.1%
29-Sep-2019,453488,7637,1.68%,€0.26,"€1,987.50",256,3.3%
30-Sep-2019,402743,6392,1.59%,€0.28,"€1,783.94",209,3.3%
01-Oct-2019,423665,6638,1.57%,€0.27,"€1,824.87",209,3.2%
02-Oct-2019,380480,5977,1.57%,€0.25,"€1,517.78",204,3.4%
03-Oct-2019,411195,6372,1.55%,€0.27,"€1,714.63",200,3.1%
04-Oct-2019,379856,6023,1.59%,€0.27,"€1,603.46",200,3.3%
05-Oct-2019,416916,6513,1.56%,€0.25,"€1,641.83",222,3.4%
06-Oct-2019,464942,7824,1.68%,€0.24,"€1,915.29",245,3.1%
07-Oct-2019,515569,7730,1.50%,€0.29,"€2,263.04",238,3.1%
08-Oct-2019,502098,7604,1.51%,€0.29,"€2,169.93",268,3.5%
09-Oct-2019,477893,6977,1.46%,€0.28,"€1,978.78",206,2.9%
10-Oct-2019,474297,6997,1.48%,€0.30,"€2,123.23",188,2.7%
11-Oct-2019,1262009,10151,0.80%,€0.26,"€2,589.96",200,2.0%
12-Oct-2019,649553,19691,3.03%,€0.15,"€2,967.99",181,0.9%
13-Oct-2019,692651,23483,3.39%,€0.13,"€3,163.61",236,1.0%
14-Oct-2019,579250,18992,3.28%,€0.14,"€2,712.63",258,1.4%
15-Oct-2019,528152,11224,2.13%,€0.22,"€2,502.22",295,2.6%
16-Oct-2019,587100,27416,4.67%,€0.11,"€3,136.60",276,1.0%
17-Oct-2019,694883,13415,1.93%,€0.17,"€2,298.14",234,1.7%
18-Oct-2019,606897,15290,2.52%,€0.16,"€2,442.36",213,1.4%
19-Oct-2019,635843,13052,2.05%,€0.19,"€2,487.20",227,1.7%
20-Oct-2019,662089,15565,2.35%,€0.18,"€2,762.88",263,1.7%
21-Oct-2019,542320,11211,2.07%,€0.23,"€2,545.80",233,2.1%
22-Oct-2019,425068,6809,1.60%,€0.29,"€1,999.22",268,3.9%
23-Oct-2019,366527,5914,1.61%,€0.28,"€1,641.20",197,3.3%
24-Oct-2019,389581,6065,1.56%,€0.28,"€1,689.98",208,3.4%
25-Oct-2019,415638,6485,1.56%,€0.28,"€1,793.19",250,3.9%
26-Oct-2019,449451,7338,1.63%,€0.25,"€1,849.36",220,3.0%
27-Oct-2019,497260,7794,1.57%,€0.24,"€1,889.50",238,3.1%
28-Oct-2019,463896,7038,1.52%,€0.27,"€1,904.29",256,3.6%
29-Oct-2019,455386,7182,1.58%,€0.27,"€1,921.30",277,3.9%
30-Oct-2019,429923,6654,1.55%,€0.27,"€1,769.71",258,3.9%
31-Oct-2019,351805,5131,1.46%,€0.26,"€1,331.44",179,3.5%
01-Nov-2019,349476,5341,1.53%,€0.26,"€1,403.22",140,2.6%
02-Nov-2019,340756,5621,1.65%,€0.25,"€1,425.74",215,3.8%
03-Nov-2019,358781,5863,1.63%,€0.25,"€1,450.80",236,4.0%
04-Nov-2019,361718,5531,1.53%,€0.27,"€1,466.57",215,3.9%
05-Nov-2019,351760,5463,1.55%,€0.26,"€1,432.28",199,3.6%
06-Nov-2019,357574,5532,1.55%,€0.26,"€1,442.64",224,4.0%
07-Nov-2019,374047,5838,1.56%,€0.26,"€1,511.67",254,4.4%
08-Nov-2019,384041,6105,1.59%,€0.26,"€1,582.93",267,4.4%
09-Nov-2019,392935,6056,1.54%,€0.26,"€1,578.33",229,3.8%
10-Nov-2019,373470,6187,1.66%,€0.26,"€1,597.15",263,4.3%
11-Nov-2019,391472,6030,1.54%,€0.29,"€1,752.29",242,4.0%
12-Nov-2019,399457,6196,1.55%,€0.29,"€1,768.58",281,4.5%
13-Nov-2019,389285,6199,1.59%,€0.29,"€1,782.39",265,4.3%
14-Nov-2019,411593,6668,1.62%,€0.27,"€1,806.72",272,4.1%
15-Nov-2019,418850,7024,1.68%,€0.27,"€1,915.81",286,4.1%
16-Nov-2019,427118,7130,1.67%,€0.27,"€1,941.21",309,4.3%
17-Nov-2019,448551,7513,1.67%,€0.26,"€1,980.33",281,3.7%
18-Nov-2019,475591,7244,1.52%,€0.29,"€2,104.54",265,3.7%
19-Nov-2019,407008,6508,1.60%,€0.30,"€1,956.35",309,4.8%
20-Nov-2019,450897,6564,1.46%,€0.29,"€1,934.94",283,4.3%
21-Nov-2019,314296,4974,1.58%,€0.27,"€1,360.63",191,3.8%
22-Nov-2019,252425,4482,1.78%,€0.35,"€1,567.00",197,4.4%
23-Nov-2019,291090,5016,1.72%,€0.38,"€1,890.00",197,3.9%
24-Nov-2019,272018,5309,1.95%,€0.38,"€2,009.00",203,3.8%
25-Nov-2019,353418,7002,1.98%,€0.36,"€2,506.00",289,4.1%
26-Nov-2019,359420,7803,2.17%,€0.44,"€3,456.00",489,6.3%
27-Nov-2019,395631,8555,2.16%,€0.42,"€3,567.00",478,5.6%
28-Nov-2019,374840,8179,2.18%,€0.40,"€3,245.00",641,7.8%
29-Nov-2019,359978,8771,2.44%,€0.42,"€3,678.00",603,6.9%
30-Nov-2019,416651,9125,2.19%,€0.38,"€3,458.00",655,7.2%
01-Dec-2019,412529,9230,2.24%,€0.50,"€4,578.00",702,7.6%
02-Dec-2019,369403,7271,1.97%,€0.49,"€3,567.00",605,8.3%
03-Dec-2019,325777,6231,1.91%,€0.48,"€3,008.00",515,8.3%
04-Dec-2019,279854,5827,2.08%,€0.39,"€2,300.00",399,6.8%
05-Dec-2019,305489,4375,1.43%,€0.45,"€1,987.00",273,6.2%
06-Dec-2019,336070,4924,1.47%,€0.32,"€1,599.60",270,5.5%
07-Dec-2019,312142,4874,1.56%,€0.32,"€1,563.35",302,6.2%
08-Dec-2019,318530,5190,1.63%,€0.32,"€1,637.90",308,5.9%
09-Dec-2019,351362,5196,1.48%,€0.35,"€1,793.32",360,6.9%
10-Dec-2019,312379,5262,1.68%,€0.33,"€1,752.51",288,5.5%
11-Dec-2019,293756,4835,1.65%,€0.35,"€1,698.76",297,6.1%
12-Dec-2019,336956,5082,1.51%,€0.36,"€1,831.44",261,5.1%
13-Dec-2019,392055,5196,1.33%,€0.36,"€1,855.74",286,5.5%
14-Dec-2019,378072,4874,1.29%,€0.36,"€1,762.59",291,6.0%
15-Dec-2019,356810,5381,1.51%,€0.35,"€1,888.63",340,6.3%
16-Dec-2019,376071,5077,1.35%,€0.39,"€1,985.69",388,7.6%
17-Dec-2019,369967,5195,1.40%,€0.40,"€2,074.80",412,7.9%
18-Dec-2019,291569,3767,1.29%,€0.38,"€1,434.65",296,7.9%
19-Dec-2019,278816,3691,1.32%,€0.38,"€1,391.74",293,7.9%
20-Dec-2019,392047,4680,1.19%,€0.39,"€1,808.87",357,7.6%
21-Dec-2019,366306,3968,1.08%,€0.43,"€1,696.56",226,5.7%
22-Dec-2019,365174,4035,1.11%,€0.41,"€1,651.34",199,4.9%
23-Dec-2019,324654,2997,0.92%,€0.45,"€1,362.86",156,5.2%
24-Dec-2019,120821,1191,0.99%,€0.41,€486.06,30,2.6%
25-Dec-2019,116295,1317,1.13%,€0.36,€477.27,18,1.4%
26-Dec-2019,273981,3683,1.34%,€0.42,"€1,548.95",150,4.1%
27-Dec-2019,506537,5934,1.17%,€0.44,"€2,584.20",195,3.3%
28-Dec-2019,490630,6043,1.23%,€0.41,"€2,481.71",247,4.1%
29-Dec-2019,475778,5956,1.25%,€0.42,"€2,494.15",245,4.1%
30-Dec-2019,227646,3137,1.38%,€0.39,"€1,233.51",125,4.0%
31-Dec-2019,129391,1972,1.52%,€0.33,€647.41,109,5.5%
